-0.85618664,-0.892077863,-0.839188523,-0.957539689,0.658493158,-0.65939028
-0.189132294,-0.382052362,0.516708116,0.647941987,1.029287634,0.188975682
1.064383075,1.309719605,0.52879231,0.112594467,1.107252824,0.830780521
0.797942134,1.135831245,0.673937726,0.396772342,0.658017129,0.225587664
1.243656673,1.365212172,0.961556905,1.143236299,1.204954256,1.245903179
-0.736236223,-0.882839354,0.177786722,-0.009006869,-0.077504341,0.483567079
0.925062523,1.114841141,0.970782235,1.261134443,1.183885233,0.656537152
0.767147664,0.999003659,0.751454107,0.781254316,0.525911539,-0.055865455
1.10017272,0.779649034,1.249247425,1.204444857,1.444861685,1.249942197
-0.375813173,-0.553934669,0.324674677,0.083049271,0.178178208,-0.292942897
1.056328532,1.527816031,0.677324713,1.326449467,1.160314126,1.018763526
1.256841133,1.536022636,1.081028622,1.204696213,1.277021835,1.13766961
1.568302748,1.185417912,1.339646002,1.08150217,0.97935264,0.82070859
-0.048979276,-0.03030185,-0.764446919,-0.740806259,-0.783696249,0.573158233
1.149365738,1.34906523,0.997005204,1.250247649,1.077387685,1.100706086
-0.492215869,-0.662679624,-0.429012779,-0.608672698,-0.871691844,-0.430494246
1.347636564,1.250694286,1.010024202,1.18531753,1.205370747,1.2492682
0.125728867,0.114690529,-0.80935429,-0.868565961,-0.791169828,-0.41850881
1.10223924,1.420315801,0.995537162,1.391625773,1.273587614,0.959135958
1.207452542,1.496592229,1.028717708,1.289072642,0.919639091,0.731714241
0.847528608,0.665214803,0.817386718,1.00913887,0.916435853,-0.113757544
0.903453301,1.377569573,0.933520558,1.064685021,1.116217251,0.086475524
0.954330972,0.987149679,0.776600247,0.99066359,1.039915266,0.562143063
0.502221202,0.373054702,1.005400215,0.995891264,0.768688592,-0.365264075
-0.583486296,-0.75946796,-0.720657787,-0.753910905,-0.760955084,-0.172599284
1.2492789,0.991150733,1.174253077,0.394220213,0.370590496,1.058843032
0.998485416,0.737919441,1.313263116,1.145366362,1.21301245,0.143361567
0.720672145,0.614902271,0.686014822,0.305510824,0.649998964,0.29311282
0.97572114,1.372957121,0.766914143,1.16021203,1.053595295,0.828789963
-0.227877222,-0.711238405,-0.569567854,-0.598726423,-0.672257745,-0.536029587
1.274364192,1.383044018,0.996485152,1.205308251,1.219361847,1.037662775
-0.077767531,-0.284691526,-0.276113713,-0.222717102,-0.116659031,-0.725621529
1.145090706,1.084860657,1.037857352,1.196540694,1.203226698,1.105524817
0.998622194,0.821575114,1.287328237,1.395302101,1.087124705,0.991163566
0.306828894,0.569021835,-0.419034484,-0.692796152,-0.847423638,-0.474917469
0.436432046,0.703329777,0.487642954,0.503306023,-0.195649664,0.593481472
0.029442426,0.298471167,0.684239026,0.499392913,-0.090139214,0.118984303
0.193905329,-0.115666061,-0.18325068,-0.292676982,1.017425108,-0.396231239
1.035014761,0.943948017,0.341640588,0.471627928,0.318159935,-0.41299201
0.873352488,0.948787909,1.204301796,1.101986275,1.267313174,0.668346232
0.945080377,1.00570365,0.345082401,0.320735863,1.037894685,0.683971503
1.191677438,1.34865487,0.989021428,1.28508457,1.220176901,1.14643155
1.267389033,1.169707674,0.701593632,0.519163453,-0.035041282,0.075884169
-0.041051478,-0.304268125,-0.328378214,-0.557094688,-0.728185681,-0.578454776
0.808362579,0.873248291,0.937004073,0.983559678,0.486698354,-0.697017277
1.063235158,1.340955415,0.811404128,1.27386791,1.021472313,1.5142971
0.970871421,0.891998058,1.21003439,1.202153147,1.255841597,-0.037523557
1.188510583,1.276111652,0.778419583,0.745961608,1.194339656,0.342631846
1.104813012,1.249322809,0.756604132,0.88879814,0.186513754,0.509087623
1.141725458,1.420118674,0.748368634,1.176238941,1.184282657,1.00229864
1.160059586,1.246107876,0.929892025,1.136520487,1.294749177,1.308337176
1.054823315,1.403607047,0.903201791,1.356315507,1.154625876,0.893856015
0.932773417,1.405852052,0.884450843,1.177539174,1.21444417,0.945971704
-0.183727702,-0.150733443,-0.561456179,-0.461353193,0.155727026,-0.08618682
0.996035512,1.001113811,0.955124982,1.019081846,1.052009929,0.406726296
1.270908641,1.442683869,1.046710971,1.256221287,1.321908884,0.98977704
0.016282247,0.479055561,-0.207044206,-0.154020245,0.116438591,-0.19658543
1.037774968,0.81624471,1.281000445,1.207810489,1.160350712,0.905646147
1.136816855,1.412571678,0.949939009,1.215669924,1.055007203,0.998577944
-0.439587653,-0.485117346,-0.788346198,-0.78975539,-0.70930169,-0.607524815
1.027397979,0.861270451,0.567313854,0.283359536,0.335528428,0.455085863
0.95818951,1.312586183,0.838802425,1.272047469,1.131048371,1.095995206
0.721754983,0.526952681,0.727138384,0.942715087,1.009520586,-0.242797438
0.332557473,-0.020967889,0.718822786,0.979988888,-0.280449488,0.120542406
1.061365513,1.374117874,1.025985299,1.316287355,1.183771387,0.904094937
1.232893246,1.475879929,1.034658175,1.271212459,1.294747225,1.325570299
1.242109955,1.15457689,1.357396673,1.455288382,1.325336787,1.019780277
-0.715374959,-0.677411014,-0.761150302,-0.864180984,-0.63764894,-0.507695016
1.24113802,1.47292925,0.970907308,1.222879535,1.278756544,0.996221967
0.803833939,1.100963369,0.461794122,1.350868654,0.953072993,0.56056204
-0.676739157,-0.767894011,-0.585457217,-0.254338495,1.112328756,0.136341775
-0.595810903,-0.755565016,-0.611026317,-0.842739311,-0.924299733,0.714242034
-0.380360734,-0.048452859,0.408651268,0.609345674,1.215871385,-0.366632019
1.129906722,1.19818834,0.970893135,1.009713549,0.35563953,0.198565594
0.670818142,0.715462306,-0.422454505,-0.379597088,0.134343052,-0.250753505
0.934323039,1.286255026,0.934643167,1.257210835,0.545584565,0.691142922
0.706088964,0.772569856,0.946599076,1.112752524,1.259183634,0.367536465
0.561733188,0.426462936,0.978668136,1.151320784,1.218656356,0.929058651
0.668064599,0.966778325,1.03225154,0.865049554,0.904351326,0.504224051
-0.786302291,-0.644678446,-0.303932532,-0.156236572,-0.437042143,-0.546017347
1.362794767,1.447242993,0.993184757,1.212927409,1.351291815,1.070760169
1.189634669,1.045157415,1.172118841,1.198139997,1.284024319,1.180031108
1.135585779,1.376506922,1.084535918,1.102737457,1.324251165,1.316705282
1.142296097,1.340043652,0.096978854,0.317621391,1.167010497,0.089040893
0.772406755,0.715008616,1.22640372,1.023686591,-0.789025309,1.324637728
-0.424928835,0.741270779,-0.90103825,-0.482676319,-0.036386166,-0.782126095
-0.43125896,0.718704817,-0.918997457,-0.490629351,-0.028798635,-0.803976449
0.598007857,0.465338035,0.605198369,0.598585446,-0.372617819,0.066876677
1.182739032,1.203258056,1.079424781,1.374105301,1.076460858,0.271476762
1.493101159,1.468913324,1.489225305,1.344010631,1.022657221,1.108259291
0.216998694,0.020547375,-0.564479046,-0.609656185,-0.842982612,-0.378711278
0.282431125,0.403650645,-0.641846653,-0.700953637,-0.286281169,0.085342256
0.846118866,1.032414589,-0.265389294,-0.434928142,-0.786419976,-0.378056862
0.219947583,0.060588624,0.838463806,1.420931372,1.270460487,-0.256470745
1.312829303,1.566318008,1.082122276,1.479984249,1.373148777,1.106503366
0.209874324,0.231982382,-0.199377259,-0.068060458,-0.418066887,0.535260349
0.4642121,0.910586086,0.233103493,0.447352002,0.468670769,0.871356434
0.863322674,1.18754669,0.663789694,1.008454446,0.94002266,0.95809279
-0.364751458,-0.090731993,-0.319490014,0.140208502,-0.486505897,-0.524675672
0.999183786,1.099272818,0.824740983,0.216929521,0.371472481,0.806692234
1.327402596,1.150579921,1.320397777,1.260092035,1.360825028,0.676317183
-0.216149049,-0.437433031,1.218574185,1.134403729,-0.154057567,-0.200829603
1.111158985,1.382757626,0.914329083,1.090508837,0.714267527,0.190962347
1.156375171,1.211756249,1.074523291,1.189087692,-0.12498894,-0.773290355
-0.711676368,-0.857445868,0.585457719,0.531375828,0.569962171,0.292799424
1.161910058,1.451321375,1.077881846,1.201056637,1.254297736,1.038996263
1.185270986,1.418587985,1.096590495,1.067270018,0.763094177,1.207549153
0.148827906,0.103807388,0.241376682,0.663510818,1.198162,1.048786251
1.068460509,0.964695811,1.332418119,1.15430002,0.902882567,0.922184165
0.879129683,0.944717115,1.065791778,1.140239238,1.267333366,0.929019235
0.0144985,-0.004690808,0.582040399,0.223569889,0.437230318,-0.475046759
1.401414339,1.388204333,1.357618198,1.216390456,1.397483933,1.299938276
-0.103390152,0.103796699,-0.755830613,-0.789893952,-0.895812759,-0.297465314
0.942769695,1.097711594,0.946199768,1.301596587,1.237112884,0.823948339
1.055646999,1.103532773,0.760447065,1.303320984,1.156429413,0.50586462
-0.77814975,-0.986575549,-0.759386208,-0.778596514,-0.909978914,0.428787248
1.079628155,1.224588004,0.843342289,1.245996854,1.032409381,1.662047892
-0.606629703,-0.768298935,0.375143687,0.57121182,0.416114421,-0.641493485
0.892908838,1.100031325,0.965460635,1.136998576,0.182453502,0.839010931
1.218646309,1.360003936,0.896303367,1.293910291,1.209305033,1.131341412
0.22676682,0.374120141,0.672899651,0.566857906,0.910355313,0.099376299
1.194145069,1.417195521,0.830928418,1.087496251,1.043955097,0.571502262
0.410835177,0.471411717,-0.235980376,-0.55614607,-0.134678474,-0.55566383
0.073674924,0.069446002,-0.121801723,-0.419976507,-0.618189924,-0.582869111
1.379627006,1.439504066,1.213470549,1.29818865,1.322614667,0.876771972
0.070715852,-0.135141903,0.605089135,0.347432804,0.300810175,0.468906845
0.93182149,1.28287682,0.701829647,1.151172007,1.021690912,0.930408115
-0.335016141,-0.146207024,0.466427761,-0.067725741,0.828770563,0.717402437
1.240805765,1.301615517,1.114381871,1.244086561,1.121729694,0.909329548
1.194837533,1.406379911,1.214092845,1.348892754,1.195871013,1.370431983
-0.807739178,-0.67574284,-0.629989527,-0.646602563,0.888210745,0.979768723
0.140437265,0.436033245,-0.002778536,-0.039289688,-0.900939283,-0.641369296
0.409029726,0.972733317,-0.168491059,-0.063025434,0.49485971,-0.259227326
1.128519517,0.761802531,1.207799384,1.000742852,0.324885834,-0.558939898
0.9043508,1.138063006,1.096414306,1.2034276,1.228533188,1.043663432
1.164125636,1.179300961,1.154161742,1.100529555,1.154374025,0.731632549
0.917494757,0.872700873,0.994542093,1.185148179,1.065507868,1.117900429
1.254503304,1.414343429,0.619697839,0.667089706,0.986801196,1.147412065
1.157834332,1.41234451,1.076297529,1.092282568,0.957399202,0.87381958
1.261870306,1.506327207,1.120149582,1.241388615,1.319946258,1.075316766
0.513292631,0.902024445,1.066882379,0.747648139,0.426148082,0.872819029
0.531196522,0.654495912,0.334837193,0.145072,1.189559673,0.827283836
0.696056992,0.867704878,-0.597093638,-0.655262775,0.009621898,-0.506727129
0.787577699,1.369299455,0.650422336,0.316713664,-0.37061831,0.817823346
0.497511554,0.101308667,0.788326545,0.663851605,0.708825361,-0.5285154
1.117491725,1.482287537,0.961442782,1.268813357,1.095090794,1.087238848
0.762771014,0.745036117,0.831665177,1.07463535,0.430536561,0.095009916
1.180908152,1.303631803,1.106852269,1.286056876,1.165798995,0.996926313
0.950094003,0.867942493,0.028898472,0.19739024,0.373056777,0.957835517
0.580841945,0.454766713,1.200459582,1.156493015,0.051880242,0.090449604
-0.052370589,-0.212944501,0.893519576,1.016961425,0.997396711,-0.184389997
1.139968508,1.315993039,0.739274148,1.146329828,1.336984191,0.092825082
1.373192642,1.428491975,-0.580165912,-0.689549596,-0.971718481,-0.573845861
1.172947046,1.078360238,0.389664391,-0.09919302,-0.882522378,1.204843411
1.01039401,1.17627796,0.264752714,0.302907338,1.245954685,0.434212927
0.984215782,1.09220473,1.169091501,1.162645444,1.123585338,0.860863878
0.740113742,1.155970551,0.761265329,1.291065428,1.134138868,0.911550082
0.507759832,1.210660467,0.238132428,0.315296917,0.590736971,0.320563297
1.203562374,1.450927077,1.005898587,1.238252774,1.248453958,1.198913722
-0.746476819,-0.428085385,-0.260386409,-0.006038106,0.44023201,0.423039815
1.043525069,1.53925088,0.71858752,1.257177113,1.192945411,0.933436013
0.54961024,1.186546555,0.668806297,1.213634441,0.859694695,0.544764385
-0.642174104,-0.532099248,0.194228466,-0.065003235,-0.755642807,-0.830539749
1.221775862,1.400027128,1.010354617,1.244683113,1.170376158,0.950063083
0.203968991,0.672800587,0.387702427,0.573608985,0.605643572,-0.109916149
0.973363696,1.124723368,0.714658627,0.873479351,0.458329315,0.628903531
1.383537484,1.31054196,1.321458886,0.995482532,1.229014389,0.929588986
0.464053527,0.579381633,0.466889811,0.321008671,0.051407588,0.512992542
1.160054808,1.207607849,1.211348321,1.226633481,1.046206033,0.536414072
-0.218158814,-0.417541649,0.639546968,0.349689331,0.13545533,0.781618915
1.33810414,1.445196183,1.215057607,1.251798829,1.458096647,1.240863816
1.125083864,1.40263785,0.947160672,1.257067678,1.126574931,0.7348493
0.554081364,0.183432218,0.733224186,0.264909471,-0.706614866,0.187792794
1.351310294,1.235726261,1.254122829,1.258370264,1.10228346,0.979292695
1.179956736,1.218933095,1.059829005,1.306797701,1.171464102,0.36177044
0.98726076,1.434238486,0.835224652,1.145122917,1.080352221,1.029475194
0.889209771,1.324752052,0.740291351,1.399773349,1.03861424,0.996669503
0.54474635,-0.05759244,1.224294973,1.155746176,1.259331621,1.181084691
0.993301175,0.612033035,0.910305682,0.80131914,1.040826691,-0.055401696
1.001505604,1.316838424,0.764438475,1.14565487,1.14100013,0.701688759
1.176184252,1.319155327,1.045033553,1.415814716,1.220465986,0.856590203
1.112874249,1.32326389,0.872769316,1.210811538,0.914753567,0.812721386
0.986133822,1.31044599,0.854648419,1.269764232,1.095399738,1.052810326
1.016855615,1.104107332,1.053179702,1.269481933,1.271482259,1.140416225
0.678658199,0.915369036,-0.178354144,-0.3442361,0.266004865,-0.110502121
-0.18279977,-0.503690132,0.03132085,-0.18645802,0.433378259,1.068555905
-0.671757298,-0.868018451,-0.084894954,0.265071948,0.284164285,-0.204292739
1.046810966,1.09439433,1.102695387,1.352369565,1.303496737,-0.648131915
0.630768927,0.242654637,-0.656481042,-0.702058223,-0.389922675,-0.6361456
0.715876391,0.978442719,0.974275416,0.850258775,-0.342366152,-0.677193527
1.02203239,1.453065313,0.960230625,1.226834968,1.199915925,1.127050737
0.910620956,1.186729777,0.365305073,0.023731602,-0.211032744,0.79690031
0.150116137,-0.363008444,0.061367871,0.752177858,1.304627408,-0.616415503
0.982554895,1.440563382,0.927515685,1.20111712,1.187625176,0.970327949
1.095451922,1.419201043,0.978854893,1.210684441,0.866452037,1.031392677
0.066806273,0.187494358,-0.419156327,-0.557508805,-0.019104179,0.571355591
-0.179046017,-0.056817524,0.477016886,0.565564984,-0.149578797,0.532649437
0.993122031,1.322450839,0.837423705,1.246794054,1.115137009,0.998382849
1.026813409,1.311099057,1.107280439,1.224502748,1.033683068,0.839318371
1.075341371,0.969500986,0.944275311,0.82009004,0.658008057,1.102599806
1.163287536,0.801614935,1.158503599,1.315149554,1.177371975,0.062762956
0.004105746,-0.673179955,0.724445387,1.093072265,0.426792545,-0.840722829
-0.145241009,-0.749117314,-0.022563689,0.050184679,-0.923518701,-0.597379734
-0.115312482,-0.02917624,-0.646977099,-0.73080849,-0.640058227,-0.018450847
0.226608563,0.116192483,-0.35404068,0.096383056,-0.441862296,-0.220631397
0.891813982,1.386524107,0.627189757,1.128362574,0.984526461,0.779292831
1.030215636,0.951620538,0.361823018,0.221366765,0.764144697,0.144144037
1.149842214,1.316291005,1.000475993,1.311587993,1.214419656,0.90000895
-0.422895251,-0.584583997,0.160662628,0.072413761,0.684926566,-0.201286728
1.069172428,1.103811935,0.874356349,1.032737691,1.044463438,0.938494344
-0.802488766,-0.71340975,-0.908754477,-0.885012899,-0.392941196,-0.437675941
1.252357632,1.409172128,1.105278594,1.362926226,1.188359953,0.975756925
0.555645424,0.538655635,-0.513387219,-0.518679662,-0.748994635,-0.761934003
0.250055237,0.514484878,0.707900737,0.599101211,0.946715857,0.190150804
0.437391465,0.058272396,0.188313977,0.272929609,0.943992874,-0.578229785
1.378349576,1.483132749,1.112317936,1.128939901,1.300726037,1.092407627
-0.717146307,-0.613453009,-0.929651715,-0.861766283,-0.864435226,-0.782129736
1.103118727,1.263728203,0.933841679,1.204354802,1.212463669,1.153250989
1.21060171,1.353797042,1.04424899,1.228499223,1.25578465,0.890273378
0.919719086,1.291538953,0.896847839,1.249845324,0.500595231,0.696905589
0.848398741,1.101688017,1.244948076,0.903407356,0.514497918,0.984491619
-0.180913016,-0.178545162,-0.228893164,-0.460694127,-0.819127638,0.749834923
-0.676279984,-0.810946504,-0.337410939,-0.09102626,1.165779316,-0.617456869
0.962065897,1.344978245,0.853350812,0.980017497,0.183241793,1.022847276
-0.263284841,0.632952358,-0.257299131,-0.106728778,-0.437590375,0.220026281
1.038614443,0.922871725,0.404159555,0.462357887,0.239307568,-0.706752434
-0.682721281,-0.834294442,-0.231099533,-0.519849714,-0.353156478,-0.550681638
-0.098507444,-0.569215929,0.190858309,0.510355023,0.173814808,-0.278206
1.173024408,1.422752313,0.917474938,1.219468242,1.301158924,1.072344594
0.913647629,1.291718962,0.615716621,1.020421696,0.930540322,0.884078397
0.849660943,1.02643225,0.673908703,1.183966654,1.040147646,0.828896785
1.148981203,1.396743113,0.781344136,1.100159166,1.191918948,1.203056244
1.096701088,1.117914052,0.95208791,0.896709288,1.085058971,1.130861956
0.164226998,0.149803345,-0.558494917,-0.750583035,-0.871334542,-0.522213001
0.822487533,1.223280058,0.632203371,1.136046438,1.048120127,1.025688216
1.07635069,1.323054942,0.701143429,1.260289248,1.16425926,0.759572563
1.216358606,1.125022772,1.209755419,1.081352244,1.137490808,0.831957315
1.208168783,0.749901032,1.243275464,1.29072506,0.641911283,1.228480283
0.833859574,0.539549658,0.967560933,1.357206867,1.265353875,-0.408807163
-0.719890632,-0.708571259,-0.651297415,-0.666428852,-0.569544805,-0.444803573
1.221523889,1.383947545,0.964216702,1.17223963,1.185681124,1.068274345
0.365849845,0.576206512,-0.476493348,-0.610399953,-0.913040228,-0.54213023
0.354125869,0.325532861,-0.228836442,0.047082234,1.212027619,0.045604561
1.203453928,1.34384571,0.922606813,1.08926336,0.210519157,1.081294686
0.915936714,1.295426391,0.878417883,1.242532643,0.476260592,0.705571503
0.9073861,1.128862596,0.982287087,1.328674322,0.902221407,0.829150939
1.171752277,1.200631141,1.250888061,1.158089227,1.190310027,1.021451058
0.120907653,-0.171837456,0.717901347,0.762300929,0.171781433,-0.274403138
0.945693675,0.639748543,1.00698952,1.06646064,0.410444081,0.715645211
0.382001556,0.95215041,-0.128195177,-0.379898988,0.017886658,0.925244495
0.345188132,0.247510528,1.041798026,1.023867039,-0.470487045,0.752239358
1.097824601,1.492805599,1.019750241,0.850393227,1.012263903,1.059648934
1.233852527,1.353631091,1.171741684,0.986807654,1.23978464,1.095397038
0.959552702,1.18238179,-0.282669882,-0.372560359,-0.636867466,-0.410254483
-0.359103693,-0.621909408,1.272514449,1.064007208,1.32419799,-0.63225398
1.184350811,1.272929302,0.970463,1.191769105,1.219906043,0.876196595
0.180581798,0.735896007,1.005053225,1.188658578,1.367443695,1.03241012
-0.800059581,-0.753642656,0.115971087,0.637303266,0.45508598,-0.662350287
0.812803958,0.957983499,0.120502496,0.276533231,1.267973362,0.298888089
1.302394702,1.501574256,1.121413085,1.280633204,1.318848625,1.354424545
1.189224793,1.517019007,1.11489098,1.314215935,1.290241476,1.133993837
1.266130627,1.36871191,0.964081821,1.229615586,1.328256679,0.628289618
0.190348415,-0.204295894,0.850428347,0.873293053,1.131943719,0.123876763
0.894821659,0.949153949,0.667572384,0.489244113,0.220279228,0.553256825
1.053154413,0.668003128,1.099571464,0.238558132,0.061722253,0.677875607
1.242490624,1.500421619,1.076663473,1.18541301,1.257636072,1.129938779
1.11178031,1.396794105,0.859609052,1.173806003,1.075054503,1.129781323
-0.705779954,-0.932678443,0.621721693,0.692137369,1.063420745,-0.60373034
-0.053013422,-0.639667647,0.734497386,1.027198906,0.99011012,-0.428154171
1.110784528,0.691524728,1.085980782,1.264873617,1.363840471,1.032109817
0.162418907,0.086655219,0.556758142,0.411244791,-0.031467985,0.204318192
0.889862618,1.101120632,0.396175969,0.643120007,0.486371817,-0.667124708
0.985561952,1.251416186,0.882264801,1.309858925,1.249816214,0.864538451
0.124201478,0.198423946,1.161365772,1.050462302,-0.587057797,1.093909422
1.091889843,1.156339726,1.110312076,1.286157081,0.535766447,-0.203960565
0.894384047,1.201649679,0.880576463,1.14891348,0.732711424,0.319956221
-0.457085563,-0.28695426,0.137903536,-0.007191288,-0.723241683,0.729643795
-0.417612425,-0.266670881,-0.695361597,-0.661050833,-0.755518014,-0.580283821
1.287949691,1.481413888,1.136774458,1.229995639,1.234685132,1.007925602
1.200531149,1.320535039,1.175496533,1.179228534,1.103181026,0.790408182
0.567841404,0.636553712,0.902431789,0.996214015,1.064814253,-0.215194472
1.243665031,1.469531336,1.215166477,1.246846279,1.315188786,1.143423759
0.949482152,0.66491266,1.02863622,1.20675222,1.096636792,1.132841579
-0.40384922,-0.35037541,-0.692516778,-0.755309535,-0.789193707,-0.467147985
0.835914137,0.651713371,1.249035467,1.280748463,0.152245915,1.227305494
1.199544623,1.378541274,0.996575452,1.159991971,1.298675313,1.168596707
1.197048164,1.385720046,0.943860396,1.179244204,1.26611832,0.773920477
0.023342095,0.05468914,-0.440636827,-0.577086748,-0.110562144,0.618271597
1.329826084,1.352206248,1.20667759,1.229184064,1.32999473,1.181017366
1.14805146,1.145109702,0.987455304,1.194269851,1.183317682,1.030086257
-0.574923233,-0.797424367,0.211254815,-0.029769563,0.66925911,-0.65209123
-0.016016358,-0.096688897,0.128167023,0.642158828,0.754066135,-0.691684662
1.158391328,1.122825434,1.132848184,1.12035819,1.259466714,0.626364779
1.435028719,1.426507465,1.310360466,1.250100303,1.326272477,1.301821261
0.444525477,0.408984287,0.717726542,0.318757306,0.309548278,0.041929609
1.137795227,1.110423067,0.692242579,0.536739167,0.704533781,0.436643612
1.201113425,1.236575379,0.9142815,1.157484714,1.145208628,1.25493203
1.226336838,1.43024685,0.923058388,1.272038842,1.288946741,1.057585431
-0.719867754,-0.591090158,-0.292902082,-0.436821744,-0.768509688,-0.782118126
0.866270321,1.406167907,0.574691232,1.249216615,0.790738311,0.602349319
1.03162976,1.406709899,0.789977926,1.247233146,1.143541017,0.975733954
1.107478714,1.29508983,0.959499415,1.28384001,1.198936732,1.243287877
0.312653163,0.749416265,-0.151401655,-0.44243782,-0.273909342,1.034529532
0.110049168,-0.006069771,-0.467658304,-0.627941875,-0.745255552,0.519635187
1.238331811,1.261027246,0.769536223,0.6694985,-0.088533371,0.761435795
-0.572073768,-0.51329266,0.401438629,0.080937774,-0.773715603,0.848616632
-0.759795148,-0.805560238,0.935998033,1.067521891,-0.22177988,0.024143305
0.736805663,0.48126247,0.728763394,1.340974954,1.181578591,1.381757876
-0.405143656,-0.686120116,0.769459394,0.980291814,0.02507875,-0.594500591
1.245134161,0.573669578,0.449538767,0.344184694,0.178057866,-0.169519172
1.104029806,1.485920308,1.006707302,1.192026771,1.161239,0.884298247
1.031106617,1.297712078,0.935647395,1.078767093,1.241410422,0.9202133
-0.271053111,-0.735588828,0.279915376,0.591385505,-0.760453415,-0.230675052
0.815552496,0.937885989,-0.370504439,-0.40563878,0.95126229,-0.21288026
1.137536151,1.331982271,0.905361278,1.091400243,0.242938617,1.071030203
-0.745450147,-0.507199378,-0.682671163,-0.824628861,-0.373581521,-0.124937913
0.467378738,0.546143535,-0.393138044,-0.206362699,-0.822453812,-0.312556538
1.152937044,1.477751702,0.852698767,1.327806379,1.206289425,1.156823133
-0.469528141,-0.883758922,0.683216649,0.728052178,0.374101299,0.780590155
0.402453908,0.236596484,1.038801563,1.112389375,1.078551134,0.481161409
-0.650309396,-0.396273196,-0.27033945,-0.189061916,-0.312845641,-0.50145638
1.323852063,1.429406474,1.181795223,1.174413289,1.376787937,1.126378157
1.108849622,1.329842425,1.192184327,1.174418965,1.164878809,0.695213401
0.979726654,1.193101918,0.918534733,1.389897952,1.284034276,0.966291299
1.144207787,1.461557705,0.997860146,1.328887774,1.230710293,1.21566186
1.097338084,1.624457959,0.86709328,1.193411284,1.081361478,1.134068924
0.893727282,0.770669561,0.736941719,0.27034996,-0.404711101,-0.217981621
1.099573907,1.237587673,0.696169256,1.152679046,1.012182994,0.790928347
0.640871342,0.975623264,-0.362349529,-0.242744362,-0.043061404,0.410381925
0.242618423,0.320480633,-0.472545517,-0.760932534,0.131709193,-0.242977988
1.054038325,0.94546996,0.89777238,0.72184894,0.694432795,0.462923
0.849694566,1.328611157,0.726028209,1.191616036,1.186216497,1.016616903
0.961962422,1.187128597,0.692693889,1.206724493,1.07110012,1.004473329
0.702651725,0.911933691,1.053956681,0.874276709,0.395890424,-0.133476477
0.824890916,1.140593884,0.897811169,1.142367514,0.172171853,0.767036375
1.150150881,1.297959224,1.154379528,1.109918811,1.021847945,1.163291638
-0.063533844,0.131171208,-0.814867535,-0.578223034,-0.872206165,-0.747170621
1.267130933,1.320785816,0.957388546,1.304359728,1.252018529,0.960895653
1.043926485,1.103816309,0.791999607,0.573192672,0.72549635,0.948377556
0.767823547,1.297636939,0.627628414,1.04430228,0.894555461,0.856189093
1.482015487,1.538446982,1.172802851,1.279610162,1.491942146,1.210464869
0.799188325,0.599377828,1.025612657,1.345382387,1.111565641,1.161672785
1.111003893,1.03273572,0.300288916,0.994609121,-0.15732373,1.061763004
0.604890563,0.603738529,0.749763106,0.679703523,0.765306436,0.916285283
1.260863964,1.436935566,0.968515471,1.281907276,1.19127502,1.011235189
1.246512701,1.622671097,1.045789363,1.283526066,1.162208805,1.011264081
0.870615108,0.77192127,0.975780835,0.367852684,0.247194238,0.648549188
1.047233834,1.198684833,0.930855832,1.252871271,1.061172187,0.685615599
1.215443731,1.48091634,1.076314035,1.237884641,1.160064159,0.989012857
1.073521844,1.250071438,1.14152001,1.128078387,1.266709858,1.116042551
0.51758108,0.893083988,-0.049745296,-0.143052361,-0.270123889,0.12191435
-0.468404247,-0.33109335,-0.843474398,-0.56376834,0.632787786,-0.730616324
1.008839089,1.298002415,0.912166188,1.079229014,1.223138588,0.914226548
0.916489662,1.053861793,0.860843266,1.252502879,1.062214751,0.545061876
0.836478071,1.13280917,0.936904715,1.295355085,0.835405236,0.877056929
0.608909243,0.417623793,0.806764337,0.884466742,1.059190892,-0.72390671
1.087743449,1.320885856,1.043362322,1.376507868,1.086169128,0.235643888
1.101229394,1.327268678,1.065124412,1.344670593,1.106045966,0.252628773
-0.102330624,-0.202447501,0.144511785,0.38355981,-0.615602985,-0.532368978
0.09952081,0.027732598,-0.301725679,-0.490872393,-0.495928759,-0.41284677
-0.675538751,-0.818563,-0.396931997,-0.718197762,-0.794539191,-0.542972314
1.044560126,0.949377298,1.279904645,1.09646664,1.013446743,0.713192317
-0.453399875,-0.60368228,-0.389109197,-0.656451952,-0.692072816,-0.620663358
1.321918663,1.513117123,1.206156557,1.3153613,1.401036369,0.925179922
-0.642894879,-0.262309541,0.884058359,0.861252896,-0.253938937,0.149818228
-0.659025523,-0.556775727,-0.807984167,-0.809617138,-0.746041044,-0.159163973
0.855146088,1.10487945,1.114849363,1.209399905,0.93686952,0.326610395
-0.135117673,-0.417137609,-0.700712628,-0.68623722,-0.879033211,-0.050848765
0.922734902,1.035930627,0.314991264,0.994668631,-0.015296376,1.084865111
0.792050246,1.053330561,0.918258005,1.261395408,0.785451896,0.926336604
0.787687252,1.001932899,0.929013842,1.239956993,0.762265035,0.953198133
1.299574609,1.322274999,1.076260928,1.072836848,1.153437542,0.929235279
0.535376951,0.264266877,0.982878144,1.220417564,-0.249652322,-0.046460241
-0.655483653,-0.015708378,0.323353443,0.444694463,0.272912616,0.60283865
-0.824914453,-0.84797316,-0.050352548,0.224723571,-0.77920043,-0.245101287
-0.659109957,-0.871263824,-0.604951549,-0.386130168,-0.035327071,-0.330877071
1.260480781,1.055250621,0.946720823,0.479364266,0.408509004,1.126285301
-0.155256128,0.020665299,0.817158459,0.782992606,0.392987182,0.274858126
-0.124499024,-0.220064194,0.569500798,0.724334874,0.879465669,-0.404225112
1.307744598,1.395934054,1.089856846,1.271713349,1.210844099,0.726931196
1.073873733,1.301563339,0.921441738,0.870912446,0.967318088,0.799901769
0.858127386,1.058136982,0.610271077,0.789919643,0.670122326,0.553017449
0.0418766,-0.116481348,-0.251015967,-0.474445048,-0.766353571,-0.165733748
0.61136147,0.250700655,0.979575242,0.973448785,-0.285132523,1.014196878
-0.037742828,0.20811881,-0.571989844,-0.520425201,-0.52161467,-0.564359124
-0.497398732,-0.68390209,-0.126779816,-0.332579399,-0.30916754,-0.410715944
1.394056975,1.366219976,1.144838175,1.199006483,1.385020615,0.985716865
0.868278906,1.021144346,0.268971464,-0.174500099,0.272827917,0.201547351
0.455060388,0.520642192,0.413419353,0.146267469,0.740423115,-0.100995732
0.68256049,0.796776556,-0.167366641,-0.637278682,-0.667552894,0.568589212
0.870496354,1.1542272,0.659559905,0.979987365,0.893757836,0.113076545
1.18180202,1.277141391,1.226115673,0.98240455,0.300443008,-0.25145033
-0.036605564,-0.564220189,1.005826172,1.312594829,1.115678728,-0.590694491
-0.256837868,-0.52501345,0.469390862,0.512675707,-0.355644283,-0.492101388
0.213043822,-0.326858472,0.344430233,0.397426012,0.971641982,-0.614785549
1.22419573,1.480465493,0.90195217,1.239735593,1.331393116,0.997001428
1.211376375,1.337874458,0.737134326,0.937448698,0.822515371,0.177904821
0.902928957,1.046051416,0.228807648,0.959908888,-0.018349478,1.000882753
-0.608306072,-0.362932829,-0.36172158,-0.345209678,-0.633133035,-0.427879895
0.933243973,1.30304148,0.862211417,1.211209447,0.419685108,0.7612393
-0.011016406,0.036829546,-0.272887693,-0.47962086,-0.870000448,0.428521444
1.03949882,0.72528205,0.208231149,-0.055977366,0.298761966,0.921124835
0.863892111,1.048818724,0.256986648,0.99383409,-0.006257842,1.003832654
1.140346538,1.356800268,0.587435155,0.987328163,1.09256348,-0.311650355
0.426361691,0.015556113,0.856327453,0.945508637,0.172395768,-0.632851841
-0.020383379,-0.26489636,0.91664499,1.129511755,0.734712551,-0.221186379
1.223333675,0.895155972,1.157169834,1.147469468,0.759499671,0.811456862
1.312006553,1.266002775,0.702504169,1.064283839,0.952575749,-0.222862391
-0.7702941,-0.723339445,-0.111796915,-0.452477156,-0.973664458,-0.7299355
1.342902953,1.065645596,1.309642482,1.210553928,0.793017805,1.05722961
0.057587227,0.077291024,0.882519767,0.993235549,0.706514414,-0.32249341
0.138124756,-0.26240198,0.704799611,0.440404525,0.572032265,-0.586510456
-0.66551563,-0.520388549,0.077861632,0.427114445,-0.150100921,1.038432369
1.168472783,1.41665757,0.945050814,1.05232921,1.109599821,0.953338566
0.618735052,0.853998835,0.012561409,-0.091531104,-0.771787252,0.747963216
1.129070056,1.416759105,1.022194058,1.264155636,1.211474396,1.276653675
1.112219507,1.146561767,0.989473575,0.561654688,0.551350367,1.100335002
1.11616838,1.259745292,0.794157301,1.140262915,1.1465531,0.895504829
-0.316780435,-0.724895701,0.428399089,0.885509788,0.069084895,-0.401093838
0.824890369,0.991037284,0.160249301,0.358019811,0.835324028,-0.242709939
0.453764714,0.736193435,0.110786107,0.235352149,-0.546223415,0.647911981
1.07184053,1.003602273,0.73051563,0.830392497,0.700084445,1.063374718
0.901938521,0.900705063,1.082064535,1.210827326,0.777731893,1.028408776
-0.290203077,0.495065456,-0.330283856,0.010079392,-0.28176168,-0.312694402
0.963255396,1.036966032,0.331922395,0.994829537,-0.034150065,1.108119504
1.006224779,1.035920529,0.326819385,0.995245853,-0.064214501,1.094411546
-0.391557533,0.084607099,-0.543256837,-0.661015608,-0.87530827,-0.377123561
1.098687354,1.254575938,1.0345085,1.104265049,1.233942023,0.203594841
1.03962444,1.445722677,0.957534327,1.309897638,1.142745766,1.002550392
0.791754365,0.825246858,1.032783793,0.720247518,0.634821596,1.095251787
1.102715403,0.965811281,0.285473127,0.977639454,-0.253113709,1.125023956
1.139439272,0.998184387,0.27924317,0.985292844,-0.235060063,1.099418749
1.136722996,1.026538678,0.288809567,0.992624277,-0.195146332,1.071766037
1.05966744,1.033296397,0.315011152,0.995378475,-0.105819033,1.070595484
1.35000703,1.36982408,1.254355779,1.299685434,1.263944543,1.123379909
0.480345956,0.2787304,-0.215943409,-0.280076728,-0.675351951,0.644164633
0.995972034,1.311272144,0.860680806,1.155097694,0.329992573,0.885893662
0.950624472,1.305166851,0.863489373,1.196379989,0.398882389,0.800404316
0.998623707,1.102528064,1.066947584,1.337541842,0.975687347,0.811261503
0.874045424,1.136406478,0.958042441,1.307918578,0.866907601,0.847324927
0.513708788,0.155640828,-0.481836359,-0.377806835,-0.740021004,0.924070839
0.512784627,0.246778623,-0.417877317,-0.327180552,-0.733000118,0.86289088
0.492190817,0.323739426,-0.284165755,-0.277247826,-0.697127963,0.707646308
1.232071982,1.507685597,0.948009276,1.324560933,1.221614292,1.067344196
-0.738962627,-0.772281178,-0.59715471,-0.641556014,-0.808670701,-0.624463797
-0.331780444,-0.550190572,0.374603717,0.546464437,-0.198766968,1.23163131
-0.094273626,-0.188633238,0.319784646,0.222495975,-0.666478412,-0.472372933
-0.623399424,-0.745201347,-0.103183059,-0.136197239,-0.895834897,0.157713805
-0.70877956,-0.793164302,-0.163498881,-0.413490826,-0.174048477,0.008437537
-0.598295509,-0.492766313,-0.808168616,-0.845632063,-0.856922375,-0.590157378
1.232870738,1.506215567,0.913978445,1.283947615,1.207272857,1.077888317
0.550103978,0.654057087,0.986244006,1.138268881,0.919695607,0.938603907
-0.433915081,-0.253939892,-0.549802939,-0.670375544,-0.200286053,-0.536552554
-0.598416488,-0.465725827,-0.767502783,-0.798487784,-0.834867652,-0.755260688
1.326599659,1.215974635,1.029142117,1.137683957,1.186734939,1.121040087
-0.357862697,-0.652949267,0.361207967,0.106456646,0.572011278,-0.720351497
1.064784454,0.975893257,1.121943329,1.31937181,1.024744762,0.802525452
0.683304741,0.589799675,0.975680615,1.236989713,-0.157510593,0.834665216
0.598366461,0.534437962,-0.332278895,-0.305434976,-0.503074397,-0.63132443
0.935253899,0.748380806,0.789605424,0.438054208,-0.068369963,0.961832275
1.034752293,1.130129642,0.942876553,0.95389259,0.954353337,-0.550665525
0.782786708,1.099686983,0.715491413,1.150187758,0.370810796,-0.191580909
1.013650227,1.236605306,0.732004665,1.275905179,1.093406503,0.961035725
-0.279820375,0.096799173,-0.762014274,-0.644061409,-0.57535334,-0.186451707
0.123571243,0.135455136,0.322784072,0.27040519,-0.266197057,-0.10986794
0.667700183,0.583564631,0.569058777,0.349055007,-0.808605707,-0.550089135
-0.47317447,-0.46950789,-0.92219377,-0.812531057,-0.740706225,-0.734314342
-0.354923489,-0.008043261,-0.562869847,-0.624237065,-0.318475421,-0.551894157
1.034143926,1.32528878,0.504433782,0.81383745,0.992849434,-0.073160134
0.960280243,1.011870325,0.779544341,0.94985803,0.491617562,-0.221385905
0.974853039,1.079239855,0.7054868,0.833450873,0.49223448,0.293230416
1.073123258,0.929163843,0.354513662,0.919975436,0.864725893,-0.225509945
-0.301572344,-0.394712736,-0.442100247,-0.567446487,-0.657454555,-0.663538853
1.127863348,0.986311211,0.281174925,0.982124734,-0.243814408,1.109136468
1.255154286,1.222302958,1.006891658,1.005811706,0.197429376,0.977723622
1.164334483,1.568909833,0.985756327,1.360410363,1.206010649,0.786150878
1.068246322,1.132444617,0.630651924,1.032801919,1.137157533,1.077383525
0.391711284,0.247574661,0.604488958,0.363837196,0.905161792,0.91015675
0.993738614,1.369347708,0.863371482,1.373845349,1.07589328,0.963793641
1.10929145,1.13761973,1.107963048,0.834417607,1.195713214,0.777913766
0.394915194,0.579933469,-0.422472967,-0.588137395,-0.856685612,0.274311687
1.11809789,0.869297296,1.283252342,1.277920933,1.240714515,0.645578782
1.002667081,0.612642295,1.193410539,0.968495428,0.085305764,0.1569872
-0.3444426,-0.716198285,0.657942985,0.21532981,-0.672355573,-0.681420917
1.139681394,1.248088067,0.895619094,1.29805375,1.374628784,0.356906371
-0.869849509,-0.888118465,-0.774992575,-0.870504199,0.739074799,-0.61017659
